{"RuleTriggered": 0, "Violations": 0, "Details": {"pin_memory": false, "num_workers": 0, "cores": 8, "dataloaders": 1, "dataloading_time": {"p25": 1.212728, "p50": 1.212728, "p95": 1.212728, "probs": [0, 0, 0, 0, 0, 0, 0, 0, 0, 0, 0, 0, 0, 0, 0, 0, 0, 0, 0, 0, 0, 0, 0, 0, 0, 0, 0, 0, 0, 0, 0, 0, 0, 0, 0, 0, 0, 0, 0, 0, 0, 0, 0, 0, 0, 0, 0, 0, 0, 0, 1, 0, 0, 0, 0, 0, 0, 0, 0, 0, 0, 0, 0, 0, 0, 0, 0, 0, 0, 0, 0, 0, 0, 0, 0, 0, 0, 0, 0, 0, 0, 0, 0, 0, 0, 0, 0, 0, 0, 0, 0, 0, 0, 0, 0, 0, 0, 0, 0, 0], "binedges": [0.712728, 0.722728, 0.732728, 0.742728, 0.7527280000000001, 0.7627280000000001, 0.7727280000000001, 0.7827280000000001, 0.792728, 0.802728, 0.812728, 0.822728, 0.832728, 0.842728, 0.852728, 0.862728, 0.8727280000000001, 0.8827280000000001, 0.892728, 0.902728, 0.912728, 0.922728, 0.932728, 0.942728, 0.952728, 0.962728, 0.972728, 0.982728, 0.992728, 1.002728, 1.012728, 1.022728, 1.032728, 1.042728, 1.052728, 1.0627280000000001, 1.0727280000000001, 1.082728, 1.0927280000000001, 1.102728, 1.1127280000000002, 1.122728, 1.132728, 1.142728, 1.152728, 1.162728, 1.172728, 1.182728, 1.192728, 1.202728, 1.212728, 1.222728, 1.232728, 1.242728, 1.252728, 1.262728, 1.272728, 1.282728, 1.2927279999999999, 1.302728, 1.312728, 1.3227280000000001, 1.332728, 1.3427280000000001, 1.352728, 1.3627280000000002, 1.372728, 1.3827280000000002, 1.392728, 1.4027280000000002, 1.412728, 1.422728, 1.432728, 1.442728, 1.452728, 1.462728, 1.472728, 1.482728, 1.492728, 1.502728, 1.512728, 1.522728, 1.532728, 1.542728, 1.552728, 1.562728, 1.5727280000000001, 1.582728, 1.5927280000000001, 1.602728, 1.6127280000000002, 1.622728, 1.6327280000000002, 1.642728, 1.6527280000000002, 1.662728, 1.672728, 1.682728, 1.692728, 1.702728, 1.712728]}}, "Datapoints": 1, "RuleParameters": "min_threshold:70\nmax_threshold:200"}