{"RuleTriggered": 0, "Violations": 0, "Details": {"ratio": {"cpu_functions": 100.0}, "phase": {"Step:ModeKeys.TRAIN": 81.91632201888291, "others": -1.3538663774187507, "Step:ModeKeys.EVAL": 19.43754435853585}, "phase_time": {}, "general": {"DataLoaderIterInitialize": 0.0005325778623143568, "Forward": 99.82905262377125, "DataLoaderIter": 0.17041479836642887}, "CPU": {"aten::conv2d": 18.539341905891987, "aten::convolution": 18.538277227814742, "aten::_convolution": 18.53736938616814, "aten::mkldnn_convolution": 18.535215901332023, "aten::batch_norm": 7.345959027930214, "aten::_batch_norm_impl_index": 7.344556548310051, "aten::native_batch_norm": 7.342813251061766, "enumerate(DataLoader)#_SingleProcessDataLoaderIter.__next__": 3.816466751491046}, "CPU_total": {"aten::conv2d": 6146823, "aten::convolution": 6146470, "aten::_convolution": 6146169, "aten::mkldnn_convolution": 6145455, "aten::batch_norm": 2435594, "aten::_batch_norm_impl_index": 2435129, "aten::native_batch_norm": 2434551, "enumerate(DataLoader)#_SingleProcessDataLoaderIter.__next__": 1265371}}, "Datapoints": 0, "RuleParameters": ""}